{
  "dataset": {
    "name": "UCI SMS Spam Collection",
    "task": "spam detection",
    "dataset_copy": "data/SMSSpamCollection",
    "dataset_sha256": "1587ea43e58e82b14ff1f5425c88e17f8496bfcdb67a583dbff9eefaf9963ce3",
    "train_rows": 4457,
    "test_rows": 1115,
    "labels": [
      "ham",
      "spam"
    ]
  },
  "classical_tfidf_logreg": {
    "macro_f1": 0.9628870494459774,
    "accuracy": 0.9829596412556054,
    "classification_report": {
      "ham": {
        "precision": 0.9886480908152735,
        "recall": 0.9917184265010351,
        "f1-score": 0.9901808785529715,
        "support": 966.0
      },
      "spam": {
        "precision": 0.9452054794520548,
        "recall": 0.9261744966442953,
        "f1-score": 0.9355932203389831,
        "support": 149.0
      },
      "accuracy": 0.9829596412556054,
      "macro avg": {
        "precision": 0.9669267851336641,
        "recall": 0.9589464615726653,
        "f1-score": 0.9628870494459774,
        "support": 1115.0
      },
      "weighted avg": {
        "precision": 0.9828427553057492,
        "recall": 0.9829596412556054,
        "f1-score": 0.9828862049441067,
        "support": 1115.0
      }
    },
    "latency_ms": 0.1082090618833942,
    "train_time_seconds": 1.0768910839999535,
    "predict_time_seconds_on_test": 0.12065310399998452,
    "cost_usd": 0.0,
    "artifact": "modelserver/artifacts/classical_tfidf_logreg.joblib",
    "artifact_sha256": "698223d3acab2666482d29ba36a2c2363117f70f17c133a4e5d7f66c9aac3f3a",
    "onnx_export_status": "created",
    "onnx_artifact": "modelserver/artifacts/classical_tfidf_logreg.onnx",
    "onnx_sha256": "cc1b45b739ce8685f8d3ab8b43f6cc7ddbfb4826b53064be077efdd09e089bec"
  },
  "small_dl_onnx": {
    "macro_f1": 0.971754990373898,
    "accuracy": 0.9874439461883409,
    "classification_report": {
      "ham": {
        "precision": 0.9857142857142858,
        "recall": 1.0,
        "f1-score": 0.9928057553956835,
        "support": 966.0
      },
      "spam": {
        "precision": 1.0,
        "recall": 0.9060402684563759,
        "f1-score": 0.9507042253521126,
        "support": 149.0
      },
      "accuracy": 0.9874439461883409,
      "macro avg": {
        "precision": 0.9928571428571429,
        "recall": 0.9530201342281879,
        "f1-score": 0.971754990373898,
        "support": 1115.0
      },
      "weighted avg": {
        "precision": 0.9876233183856503,
        "recall": 0.9874439461883409,
        "f1-score": 0.9871796316499506,
        "support": 1115.0
      }
    },
    "latency_ms": 0.007587069955147833,
    "train_time_seconds": 4.4592921710000155,
    "predict_time_seconds_on_test": 0.008459582999989834,
    "cost_usd": 0.0,
    "onnx_artifact": "modelserver/artifacts/dl_tfidf_mlp.onnx",
    "onnx_artifact_sha256": "1775300d8e3e718b7835e4dee98a4242571a8ea113b80da4531e210ab633ccf8",
    "vectorizer_artifact": "modelserver/artifacts/dl_tfidf_vectorizer.joblib",
    "vectorizer_sha256": "a9a4cb185871b2e4de269bc4bd17b8cbf4d983c8856532cd33bb0f01c10c496a",
    "label_encoder_artifact": "modelserver/artifacts/label_encoder.joblib",
    "label_encoder_sha256": "b44297fc24d57000e643dff5109674479501e7c15882812f9d6bbd6c64a1289c",
    "labels_artifact": "modelserver/artifacts/labels.json",
    "labels_sha256": "b07189ca48a4017cc7d22cfc3642b1dd44520bfb18571462ad5b4b2bfaa18d6f"
  },
  "llm_zero_shot": {
    "status": "completed",
    "model": "gpt-4o-mini",
    "sample_size": 100,
    "macro_f1": 0.9499949994999499,
    "accuracy": 0.95,
    "classification_report": {
      "ham": {
        "precision": 0.9591836734693877,
        "recall": 0.94,
        "f1-score": 0.9494949494949495,
        "support": 50.0
      },
      "spam": {
        "precision": 0.9411764705882353,
        "recall": 0.96,
        "f1-score": 0.9504950495049505,
        "support": 50.0
      },
      "accuracy": 0.95,
      "macro avg": {
        "precision": 0.9501800720288115,
        "recall": 0.95,
        "f1-score": 0.9499949994999499,
        "support": 100.0
      },
      "weighted avg": {
        "precision": 0.9501800720288114,
        "recall": 0.95,
        "f1-score": 0.94999499949995,
        "support": 100.0
      }
    },
    "avg_latency_ms": 780.0828302599859,
    "total_prompt_tokens": 11169,
    "total_completion_tokens": 100,
    "estimated_cost_usd": 0.0017353499999999999,
    "cost_assumption": {
      "input_usd_per_1m_tokens": 0.15,
      "output_usd_per_1m_tokens": 0.6
    },
    "predictions_artifact": "evals/classifier/llm_zero_shot_predictions.csv"
  }
}