{
  "dataset": {
    "name": "Combined public Concierge router dataset",
    "task": "five-class router classification",
    "dataset_copy": "data/concierge_combined_public_router_dataset.csv",
    "dataset_sha256": "4fb092710fa9f22a230ed30233624ccb65abf48ff8c27c0507ee64e2ec4d431c",
    "train_rows": 2753,
    "test_rows": 689,
    "labels": [
      "ambiguous",
      "faq",
      "human_request",
      "sales_or_contact",
      "spam"
    ],
    "sources": [
      "UCI SMS Spam Collection",
      "Bitext Customer Support Intent Dataset",
      "CLINC OOS Dataset"
    ]
  },
  "classical_tfidf_logreg": {
    "macro_f1": 0.9680256296525975,
    "accuracy": 0.9680696661828737,
    "classification_report": {
      "ambiguous": {
        "precision": 0.9492753623188406,
        "recall": 0.9357142857142857,
        "f1-score": 0.9424460431654677,
        "support": 140.0
      },
      "faq": {
        "precision": 0.958041958041958,
        "recall": 0.9785714285714285,
        "f1-score": 0.9681978798586572,
        "support": 140.0
      },
      "human_request": {
        "precision": 0.9929078014184397,
        "recall": 1.0,
        "f1-score": 0.99644128113879,
        "support": 140.0
      },
      "sales_or_contact": {
        "precision": 0.9577464788732394,
        "recall": 0.9714285714285714,
        "f1-score": 0.9645390070921985,
        "support": 140.0
      },
      "spam": {
        "precision": 0.984,
        "recall": 0.9534883720930233,
        "f1-score": 0.968503937007874,
        "support": 129.0
      },
      "accuracy": 0.9680696661828737,
      "macro avg": {
        "precision": 0.9683943201304956,
        "recall": 0.9678405315614619,
        "f1-score": 0.9680256296525975,
        "support": 689.0
      },
      "weighted avg": {
        "precision": 0.9681451728466574,
        "recall": 0.9680696661828737,
        "f1-score": 0.9680179933958368,
        "support": 689.0
      }
    },
    "latency_ms": 0.1878843947748314,
    "train_time_seconds": 3.0420865650000906,
    "predict_time_seconds_on_test": 0.12945234799985883,
    "cost_usd": 0.0,
    "artifact": "modelserver/artifacts/classical_tfidf_logreg_combined_router.joblib",
    "artifact_sha256": "f692cb1e05ccaf59f40e236be7a0897041204ba9a80da66793977d793050dddf"
  },
  "small_dl_onnx": {
    "macro_f1": 0.975232547658873,
    "accuracy": 0.9753265602322206,
    "classification_report": {
      "ambiguous": {
        "precision": 0.9496402877697842,
        "recall": 0.9428571428571428,
        "f1-score": 0.946236559139785,
        "support": 140.0
      },
      "faq": {
        "precision": 0.9586206896551724,
        "recall": 0.9928571428571429,
        "f1-score": 0.9754385964912281,
        "support": 140.0
      },
      "human_request": {
        "precision": 0.9929078014184397,
        "recall": 1.0,
        "f1-score": 0.99644128113879,
        "support": 140.0
      },
      "sales_or_contact": {
        "precision": 0.9857142857142858,
        "recall": 0.9857142857142858,
        "f1-score": 0.9857142857142858,
        "support": 140.0
      },
      "spam": {
        "precision": 0.9919354838709677,
        "recall": 0.9534883720930233,
        "f1-score": 0.9723320158102767,
        "support": 129.0
      },
      "accuracy": 0.9753265602322206,
      "macro avg": {
        "precision": 0.97576370968573,
        "recall": 0.974983388704319,
        "f1-score": 0.975232547658873,
        "support": 689.0
      },
      "weighted avg": {
        "precision": 0.9755055246116551,
        "recall": 0.9753265602322206,
        "f1-score": 0.9752788551339597,
        "support": 689.0
      }
    },
    "latency_ms": 0.14503073584911907,
    "train_time_seconds": 15.972983066000097,
    "predict_time_seconds_on_test": 0.09992617700004303,
    "cost_usd": 0.0,
    "onnx_artifact": "modelserver/artifacts/dl_tfidf_mlp_combined_router.onnx",
    "onnx_artifact_sha256": "3de67392de388c518f552fb899cfc171c6dd9681988792c8f443788aa8e463c8",
    "vectorizer_artifact": "modelserver/artifacts/dl_tfidf_vectorizer_combined_router.joblib",
    "vectorizer_sha256": "a77a8014af04464129cbda02d3dd0aceae38933caf89e52117ff647a7fa9a4d3",
    "label_encoder_artifact": "modelserver/artifacts/label_encoder_combined_router.joblib",
    "label_encoder_sha256": "381d46ddf5f57a62cb3e0e866d0d3ec8ff2872d6f18e907b5792454037b7f03e",
    "labels_artifact": "modelserver/artifacts/labels_combined_router.json",
    "labels_sha256": "2a23161a8daf68e5a2be6fae42b3435deb055193d52d3f15ad7fcd4b18ef1bd9"
  },
  "llm_zero_shot": {
    "status": "completed",
    "model": "gpt-4o-mini",
    "sample_size": 100,
    "macro_f1": 0.5429079787295665,
    "accuracy": 0.57,
    "latency_ms": 752.611330480004,
    "classification_report": {
      "ambiguous": {
        "precision": 1.0,
        "recall": 0.19047619047619047,
        "f1-score": 0.32,
        "support": 21.0
      },
      "faq": {
        "precision": 0.3333333333333333,
        "recall": 0.65,
        "f1-score": 0.4406779661016949,
        "support": 20.0
      },
      "human_request": {
        "precision": 0.5625,
        "recall": 0.75,
        "f1-score": 0.6428571428571429,
        "support": 24.0
      },
      "sales_or_contact": {
        "precision": 0.6666666666666666,
        "recall": 0.25,
        "f1-score": 0.36363636363636365,
        "support": 16.0
      },
      "spam": {
        "precision": 0.9473684210526315,
        "recall": 0.9473684210526315,
        "f1-score": 0.9473684210526315,
        "support": 19.0
      },
      "accuracy": 0.57,
      "macro avg": {
        "precision": 0.7019736842105263,
        "recall": 0.5575689223057644,
        "f1-score": 0.5429079787295665,
        "support": 100.0
      },
      "weighted avg": {
        "precision": 0.6983333333333333,
        "recall": 0.57,
        "f1-score": 0.5478031256878715,
        "support": 100.0
      }
    },
    "prompt_tokens": 17887,
    "completion_tokens": 148,
    "estimated_cost_usd": 0.0027718499999999997,
    "cost_note": "Approximate cost based on notebook assumptions; verify current provider pricing before final submission."
  }
}